1270,22,1,1,Periodo garantia,13153
430,8,1,1,Periodo garantia,43454
367,7,1,1,Periodo garantia,74643
1024,18,1,1,Periodo garantia,54528
1321,23,1,1,Periodo garantia,946969
244,5,1,1,Periodo garantia,96595
853,15,1,1,Periodo garantia,76665
670,12,1,1,Periodo garantia,28094
1633,28,1,1,Periodo garantia,88993
1441,25,1,1,Periodo garantia,236768
1573,27,1,1,Periodo garantia,40381
601,11,1,1,Periodo garantia,12674
553,10,1,1,Periodo garantia,105575
1693,29,1,1,Periodo garantia,20105
901,16,1,1,Periodo garantia,53276
1267,22,1,1,Periodo garantia,11993
1641,28,2,1,Periodo garantia,79245
1829,31,2,1,Periodo garantia,22634
1330,23,1,1,Periodo garantia,915530
2098,35,2,1,Periodo garantia,228913
1769,30,2,1,Periodo garantia,33518
1681,29,1,1,Periodo garantia,11368
2002,34,2,1,Periodo garantia,91351
1945,33,2,1,Periodo garantia,755
2127,36,2,1,Periodo garantia,554875
1739,29,2,1,Periodo garantia,20105
1721,29,2,1,Periodo garantia,11368
1898,32,2,1,Periodo garantia,26940
1513,26,1,1,Periodo garantia,22370
1759,30,2,1,Periodo garantia,33518
967,17,1,1,Periodo garantia,23671
1744,30,1,1,Periodo garantia,16236
1684,29,1,1,Periodo garantia,10343
1864,32,1,1,Periodo garantia,32043
1387,24,1,1,Periodo garantia,3253153
484,9,1,1,Periodo garantia,45035
604,11,1,1,Periodo garantia,13796
1564,27,1,1,Periodo garantia,40381
424,8,1,1,Periodo garantia,33581
970,17,1,1,Periodo garantia,41286
1153,20,1,1,Periodo garantia,51674
1087,19,1,1,Periodo garantia,68820
1447,25,1,1,Periodo garantia,94134
547,10,1,1,Periodo garantia,40965
1030,18,1,1,Periodo garantia,54528
2011,34,2,1,Periodo garantia,89819
361,7,1,1,Periodo garantia,134371
1856,31,2,1,Periodo garantia,31296
1676,28,2,1,Periodo garantia,88993
610,11,1,1,Periodo garantia,12674
385,7,3,1,Periodo garantia,74643
324,6,3,1,Periodo garantia,100333
1969,33,3,1,Periodo garantia,450
2149,36,3,1,Periodo garantia,664285
2079,35,3,1,Periodo garantia,274025
493,9,1,1,Periodo garantia,45035
1204,21,1,1,Periodo garantia,8106
913,16,1,1,Periodo garantia,80186
20,1,,1,En bodega,33140
21,1,,1,En bodega,33140
22,1,,1,En bodega,33140
24,1,,1,En bodega,33140
25,1,,1,En bodega,33140
26,1,,1,En bodega,20120
30,1,,1,En bodega,39076
33,1,,1,En bodega,20120
34,1,,1,En bodega,20120
36,1,,1,En bodega,20120
40,1,,1,En bodega,20120
41,1,,1,En bodega,20120
43,1,,1,En bodega,39076
46,1,,1,En bodega,33140
52,1,,1,En bodega,20120
53,1,,1,En bodega,33140
57,1,,1,En bodega,39076
60,1,,1,En bodega,20120
76,2,,1,En bodega,39459
77,2,,1,En bodega,45229
78,2,,1,En bodega,45229
82,2,,1,En bodega,45229
83,2,,1,En bodega,39459
84,2,,1,En bodega,53410
88,2,,1,En bodega,45229
90,2,,1,En bodega,53410
93,2,,1,En bodega,53410
95,2,,1,En bodega,45229
96,2,,1,En bodega,53410
97,2,,1,En bodega,53410
98,2,,1,En bodega,45229
106,2,,1,En bodega,39459
108,2,,1,En bodega,39459
109,2,,1,En bodega,45229
112,2,,1,En bodega,53410
115,2,,1,En bodega,39459
116,2,,1,En bodega,53410
139,3,,1,En bodega,15324
140,3,,1,En bodega,34736
142,3,,1,En bodega,32818
143,3,,1,En bodega,34736
147,3,,1,En bodega,34736
787,14,1,1,Periodo garantia,56425
247,5,1,1,Periodo garantia,97141
1936,33,3,1,Periodo garantia,755
1648,28,3,1,Periodo garantia,88993
229,4,3,1,Periodo garantia,24731
721,13,1,1,Periodo garantia,36570
1916,32,3,1,Periodo garantia,21451
1726,29,3,1,Periodo garantia,10343
1027,18,1,1,Periodo garantia,61281
1741,30,1,1,Periodo garantia,16236
841,15,1,1,Periodo garantia,76665
784,14,1,1,Periodo garantia,56425
1327,23,1,1,Periodo garantia,730108
781,14,1,1,Periodo garantia,62690
1141,20,1,1,Periodo garantia,51674
1507,26,1,1,Periodo garantia,22370
1804,31,1,1,Periodo garantia,22634
541,10,1,1,Periodo garantia,40965
1444,25,1,1,Periodo garantia,94134
1381,24,1,1,Periodo garantia,4263675
1150,20,1,1,Periodo garantia,28148
1501,26,1,1,Periodo garantia,39970
1273,22,1,1,Periodo garantia,11993
1599,27,3,1,Periodo garantia,40381
364,7,1,1,Periodo garantia,60414
1709,29,3,1,Periodo garantia,20105
2028,34,3,1,Periodo garantia,156989
1817,31,3,1,Periodo garantia,31296
2155,36,3,1,Periodo garantia,554875
1081,19,1,1,Periodo garantia,68820
1901,32,3,1,Periodo garantia,26940
2037,34,3,1,Periodo garantia,156989
2086,35,3,1,Periodo garantia,228913
1207,21,1,1,Periodo garantia,7168
257,5,3,1,Periodo garantia,96595
1757,30,3,1,Periodo garantia,44009
1456,25,3,1,Periodo garantia,94134
1090,19,1,1,Periodo garantia,91511
1393,24,1,1,Periodo garantia,4263675
433,8,1,1,Periodo garantia,31683
1813,31,1,1,Periodo garantia,31296
1630,28,1,1,Periodo garantia,168343
310,6,1,1,Periodo garantia,100333
673,12,1,1,Periodo garantia,11503
313,6,1,1,Periodo garantia,100651
961,17,1,1,Periodo garantia,16058
1561,27,1,1,Periodo garantia,79611
850,15,1,1,Periodo garantia,76665
1859,31,3,1,Periodo garantia,31296
1940,33,3,1,Periodo garantia,755
2013,34,3,1,Periodo garantia,89819
332,6,3,1,Periodo garantia,100651
161,3,,1,En bodega,34736
163,3,,1,En bodega,15324
164,3,,1,En bodega,34736
165,3,,1,En bodega,34736
168,3,,1,En bodega,34736
170,3,,1,En bodega,32818
171,3,,1,En bodega,15324
174,3,,1,En bodega,15324
176,3,,1,En bodega,32818
177,3,,1,En bodega,32818
196,4,,1,En bodega,24731
201,4,,1,En bodega,29338
204,4,,1,En bodega,24731
205,4,,1,En bodega,29338
208,4,,1,En bodega,29338
215,4,,1,En bodega,29338
217,4,,1,En bodega,29338
218,4,,1,En bodega,37031
221,4,,1,En bodega,24731
222,4,,1,En bodega,24731
224,4,,1,En bodega,29338
226,4,,1,En bodega,37031
227,4,,1,En bodega,24731
230,4,,1,En bodega,24731
231,4,,1,En bodega,29338
232,4,,1,En bodega,24731
235,4,,1,En bodega,29338
236,4,,1,En bodega,37031
240,4,,1,En bodega,29338
259,5,,1,En bodega,43866
263,5,,1,En bodega,43866
275,5,,1,En bodega,96595
276,5,,1,En bodega,97141
278,5,,1,En bodega,96595
280,5,,1,En bodega,43866
281,5,,1,En bodega,43866
282,5,,1,En bodega,97141
283,5,,1,En bodega,43866
284,5,,1,En bodega,96595
285,5,,1,En bodega,97141
286,5,,1,En bodega,43866
289,5,,1,En bodega,96595
291,5,,1,En bodega,43866
292,5,,1,En bodega,43866
294,5,,1,En bodega,96595
295,5,,1,En bodega,43866
297,5,,1,En bodega,97141
298,5,,1,En bodega,97141
1747,30,1,1,Periodo garantia,16236
664,12,1,1,Periodo garantia,28094
265,5,3,1,Periodo garantia,43866
1671,28,3,1,Periodo garantia,79245
994,17,3,1,Periodo garantia,41286
910,16,1,1,Periodo garantia,80186
1544,26,3,1,Periodo garantia,22370
169,3,3,1,Periodo garantia,32818
481,9,1,1,Periodo garantia,40320
1016,17,3,1,Periodo garantia,41286
338,6,1,1,En sucursal,100333
320,6,1,1,En sucursal,100651
730,13,1,1,Periodo garantia,36570
349,6,1,1,En sucursal,54741
333,6,1,1,En sucursal,100651
1213,21,1,1,Periodo garantia,7168
1801,31,1,1,Periodo garantia,31296
733,13,1,1,Periodo garantia,22769
301,6,1,1,Periodo garantia,54741
1627,28,1,1,Periodo garantia,168343
250,5,1,1,Periodo garantia,43866
1334,23,2,1,Periodo garantia,730108
1088,19,2,1,Periodo garantia,91511
248,5,2,1,Periodo garantia,97141
1688,29,2,1,Periodo garantia,11368
1628,28,2,1,Periodo garantia,168343
1274,22,2,1,Periodo garantia,11993
1634,28,2,1,Periodo garantia,88993
1694,29,2,1,Periodo garantia,20105
1208,21,2,1,Periodo garantia,7168
325,6,2,1,En sucursal,54741
254,5,2,1,Periodo garantia,96595
337,6,2,1,En sucursal,100651
340,6,2,1,En sucursal,54741
348,6,2,1,En sucursal,100333
329,6,3,1,En sucursal,54741
422,8,2,1,Periodo garantia,31683
344,6,3,1,En sucursal,100651
334,6,3,1,En sucursal,100651
342,6,3,1,En sucursal,54741
554,10,2,1,Periodo garantia,40965
399,7,1,1,En sucursal,74643
387,7,1,1,En sucursal,134371
482,9,2,1,Periodo garantia,40320
842,15,2,1,Periodo garantia,105184
1814,31,2,1,Periodo garantia,22634
1631,28,2,1,Periodo garantia,168343
491,9,2,1,Periodo garantia,25140
854,15,2,1,Periodo garantia,76665
417,7,1,1,En sucursal,134371
393,7,1,1,En sucursal,74643
384,7,2,1,En sucursal,74643
316,6,,1,En bodega,54741
318,6,,1,En bodega,100651
319,6,,1,En bodega,54741
322,6,,1,En bodega,100651
323,6,,1,En bodega,54741
326,6,,1,En bodega,54741
327,6,,1,En bodega,100651
331,6,,1,En bodega,100333
335,6,,1,En bodega,100651
336,6,,1,En bodega,54741
339,6,,1,En bodega,54741
345,6,,1,En bodega,54741
346,6,,1,En bodega,100651
347,6,,1,En bodega,54741
350,6,,1,En bodega,100651
352,6,,1,En bodega,54741
355,6,,1,En bodega,54741
357,6,,1,En bodega,100333
358,6,,1,En bodega,54741
377,7,,1,En bodega,134371
378,7,,1,En bodega,74643
379,7,,1,En bodega,74643
380,7,,1,En bodega,60414
381,7,,1,En bodega,74643
383,7,,1,En bodega,134371
388,7,,1,En bodega,60414
392,7,,1,En bodega,74643
396,7,,1,En bodega,60414
401,7,,1,En bodega,60414
402,7,,1,En bodega,74643
404,7,,1,En bodega,74643
405,7,,1,En bodega,74643
410,7,,1,En bodega,74643
412,7,,1,En bodega,60414
413,7,,1,En bodega,60414
414,7,,1,En bodega,74643
415,7,,1,En bodega,60414
416,7,,1,En bodega,60414
420,7,,1,En bodega,60414
437,8,,1,En bodega,31683
439,8,,1,En bodega,33581
444,8,,1,En bodega,43454
445,8,,1,En bodega,33581
449,8,,1,En bodega,31683
452,8,,1,En bodega,33581
453,8,,1,En bodega,33581
454,8,,1,En bodega,31683
455,8,,1,En bodega,31683
1145,20,2,1,Periodo garantia,51674
671,12,2,1,Periodo garantia,28094
38,1,1,1,En sucursal,20120
374,7,2,1,Periodo garantia,60414
434,8,2,1,Periodo garantia,31683
1205,21,2,1,Periodo garantia,13544
1445,25,2,1,Periodo garantia,236768
905,16,2,1,Periodo garantia,80186
788,14,2,1,Periodo garantia,62690
1511,26,2,1,Periodo garantia,26210
425,8,2,1,Periodo garantia,43454
1202,21,2,1,Periodo garantia,8106
908,16,2,1,Periodo garantia,53276
1394,24,2,1,Periodo garantia,4263675
731,13,2,1,Periodo garantia,22769
1322,23,2,1,Periodo garantia,946969
1448,25,2,1,Periodo garantia,230005
665,12,2,1,Periodo garantia,28094
28,1,1,1,En sucursal,39076
49,1,1,1,En sucursal,39076
1031,18,2,1,Periodo garantia,61281
17,1,1,1,En sucursal,39076
23,1,2,1,En sucursal,20120
1562,27,2,1,Periodo garantia,40381
32,1,2,1,En sucursal,33140
58,1,2,1,En sucursal,33140
245,5,2,1,Periodo garantia,96595
56,1,2,1,En sucursal,33140
19,1,3,1,En sucursal,20120
39,1,3,1,En sucursal,20120
54,1,3,1,En sucursal,33140
974,17,2,1,Periodo garantia,41286
1382,24,2,1,Periodo garantia,4263675
734,13,2,1,Periodo garantia,22769
1505,26,2,1,Periodo garantia,26210
1454,25,2,1,Periodo garantia,236768
602,11,2,1,Periodo garantia,13796
1571,27,2,1,Periodo garantia,79611
551,10,2,1,Periodo garantia,105575
362,7,2,1,Periodo garantia,60414
1745,30,2,1,Periodo garantia,33518
1265,22,2,1,Periodo garantia,11503
1154,20,2,1,Periodo garantia,50638
1271,22,2,1,Periodo garantia,13153
1862,32,2,1,Periodo garantia,26940
1502,26,2,1,Periodo garantia,39970
848,15,2,1,Periodo garantia,76665
37,1,3,1,En sucursal,39076
119,2,1,1,En sucursal,45229
728,13,2,1,Periodo garantia,36570
114,2,1,1,En sucursal,45229
87,2,1,1,En sucursal,45229
99,2,1,1,En sucursal,39459
608,11,2,1,Periodo garantia,11658
111,2,2,1,En sucursal,53410
80,2,2,1,En sucursal,39459
91,2,2,1,En sucursal,53410
1034,18,2,1,Periodo garantia,54528
89,2,2,1,En sucursal,53410
92,2,3,1,En sucursal,39459
1082,19,2,1,Periodo garantia,91511
475,8,,1,En bodega,33581
477,8,,1,En bodega,43454
479,8,,1,En bodega,43454
480,8,,1,En bodega,43454
498,9,,1,En bodega,45035
499,9,,1,En bodega,25140
501,9,,1,En bodega,25140
503,9,,1,En bodega,40320
504,9,,1,En bodega,25140
508,9,,1,En bodega,45035
509,9,,1,En bodega,40320
510,9,,1,En bodega,40320
511,9,,1,En bodega,45035
515,9,,1,En bodega,25140
520,9,,1,En bodega,45035
521,9,,1,En bodega,40320
522,9,,1,En bodega,40320
525,9,,1,En bodega,40320
529,9,,1,En bodega,25140
531,9,,1,En bodega,45035
535,9,,1,En bodega,25140
536,9,,1,En bodega,25140
537,9,,1,En bodega,40320
538,9,,1,En bodega,45035
557,10,,1,En bodega,86351
558,10,,1,En bodega,40965
560,10,,1,En bodega,86351
561,10,,1,En bodega,105575
562,10,,1,En bodega,40965
567,10,,1,En bodega,105575
568,10,,1,En bodega,40965
569,10,,1,En bodega,86351
570,10,,1,En bodega,40965
573,10,,1,En bodega,86351
575,10,,1,En bodega,105575
579,10,,1,En bodega,105575
580,10,,1,En bodega,40965
581,10,,1,En bodega,40965
582,10,,1,En bodega,86351
585,10,,1,En bodega,86351
587,10,,1,En bodega,40965
588,10,,1,En bodega,105575
598,10,,1,En bodega,86351
302,6,2,1,Periodo garantia,100333
971,17,2,1,Periodo garantia,16058
100,2,3,1,En sucursal,39459
117,2,3,1,En sucursal,39459
1022,18,2,1,Periodo garantia,61281
113,2,3,1,En sucursal,53410
136,3,1,1,En sucursal,34736
144,3,1,1,En sucursal,32818
311,6,2,1,Periodo garantia,100651
175,3,2,1,En sucursal,15324
178,3,2,1,En sucursal,34736
785,14,2,1,Periodo garantia,62690
368,7,2,1,Periodo garantia,134371
1802,31,2,1,Periodo garantia,17020
1574,27,2,1,Periodo garantia,84850
611,11,2,1,Periodo garantia,13796
1091,19,2,1,Periodo garantia,68820
1682,29,2,1,Periodo garantia,10343
1151,20,2,1,Periodo garantia,50638
791,14,2,1,Periodo garantia,62690
911,16,2,1,Periodo garantia,53276
674,12,2,1,Periodo garantia,11503
314,6,2,1,Periodo garantia,100651
488,9,2,1,Periodo garantia,40320
542,10,2,1,Periodo garantia,105575
965,17,2,1,Periodo garantia,23671
162,3,2,1,En sucursal,32818
159,3,3,1,En sucursal,15324
1808,31,2,1,Periodo garantia,31296
167,3,3,1,En sucursal,15324
211,4,1,1,En sucursal,37031
1754,30,2,1,Periodo garantia,33518
207,4,1,1,En sucursal,29338
223,4,1,1,En sucursal,37031
237,4,1,1,En sucursal,24731
1385,24,2,1,Periodo garantia,4475130
198,4,2,1,En sucursal,37031
228,4,2,1,En sucursal,29338
210,4,2,1,En sucursal,29338
203,4,3,1,En sucursal,24731
1328,23,2,1,Periodo garantia,915530
1751,30,2,1,Periodo garantia,33518
1266,22,3,1,Periodo garantia,11993
249,5,3,1,Periodo garantia,43866
1089,19,3,1,Periodo garantia,68820
1749,30,3,1,Periodo garantia,16236
1215,21,3,1,Periodo garantia,13544
239,4,3,1,En sucursal,24731
214,4,3,1,En sucursal,24731
213,4,3,1,En sucursal,24731
262,5,1,1,En sucursal,97141
630,11,,1,En bodega,11658
632,11,,1,En bodega,13796
635,11,,1,En bodega,13796
637,11,,1,En bodega,11658
638,11,,1,En bodega,13796
639,11,,1,En bodega,12674
640,11,,1,En bodega,11658
641,11,,1,En bodega,13796
646,11,,1,En bodega,13796
647,11,,1,En bodega,11658
650,11,,1,En bodega,12674
652,11,,1,En bodega,12674
655,11,,1,En bodega,11658
656,11,,1,En bodega,11658
660,11,,1,En bodega,12674
680,12,,1,En bodega,10323
681,12,,1,En bodega,11503
684,12,,1,En bodega,28094
687,12,,1,En bodega,10323
688,12,,1,En bodega,10323
691,12,,1,En bodega,10323
693,12,,1,En bodega,28094
694,12,,1,En bodega,11503
697,12,,1,En bodega,10323
698,12,,1,En bodega,28094
699,12,,1,En bodega,28094
700,12,,1,En bodega,11503
706,12,,1,En bodega,11503
707,12,,1,En bodega,11503
711,12,,1,En bodega,10323
712,12,,1,En bodega,11503
714,12,,1,En bodega,28094
715,12,,1,En bodega,11503
717,12,,1,En bodega,10323
718,12,,1,En bodega,11503
737,13,,1,En bodega,24208
740,13,,1,En bodega,36570
741,13,,1,En bodega,22769
743,13,,1,En bodega,36570
746,13,,1,En bodega,22769
747,13,,1,En bodega,22769
750,13,,1,En bodega,36570
755,13,,1,En bodega,24208
758,13,,1,En bodega,22769
759,13,,1,En bodega,22769
760,13,,1,En bodega,36570
762,13,,1,En bodega,24208
764,13,,1,En bodega,24208
765,13,,1,En bodega,22769
766,13,,1,En bodega,24208
769,13,,1,En bodega,24208
772,13,,1,En bodega,36570
775,13,,1,En bodega,36570
1383,24,3,1,Periodo garantia,3253153
1392,24,3,1,Periodo garantia,3253153
1152,20,3,1,Periodo garantia,28148
606,11,3,1,Periodo garantia,11658
1566,27,3,1,Periodo garantia,84850
792,14,3,1,Periodo garantia,56425
1386,24,3,1,Periodo garantia,4475130
1563,27,3,1,Periodo garantia,79611
1212,21,3,1,Periodo garantia,7168
489,9,3,1,Periodo garantia,45035
833,14,1,1,Periodo garantia,56425
966,17,3,1,Periodo garantia,41286
269,5,1,1,En sucursal,97141
273,5,1,1,En sucursal,97141
272,5,1,1,En sucursal,97141
1443,25,3,1,Periodo garantia,230005
300,5,2,1,En sucursal,97141
293,5,2,1,En sucursal,43866
270,5,2,1,En sucursal,97141
260,5,2,1,En sucursal,97141
1275,22,3,1,Periodo garantia,13153
271,5,3,1,En sucursal,96595
258,5,3,1,En sucursal,97141
1329,23,3,1,Periodo garantia,915530
1866,32,3,1,Periodo garantia,26940
1512,26,3,1,Periodo garantia,39970
555,10,3,1,Periodo garantia,40965
1515,26,3,1,Periodo garantia,39970
852,15,3,1,Periodo garantia,76665
912,16,3,1,Periodo garantia,80186
1455,25,3,1,Periodo garantia,236768
255,5,3,1,Periodo garantia,97141
855,15,3,1,Periodo garantia,66489
1503,26,3,1,Periodo garantia,22370
1812,31,3,1,Periodo garantia,31296
372,7,3,1,Periodo garantia,74643
1323,23,3,1,Periodo garantia,915530
972,17,3,1,Periodo garantia,41286
1626,28,3,1,Periodo garantia,168343
287,5,3,1,En sucursal,96595
256,5,3,1,En sucursal,43866
390,7,2,1,En sucursal,134371
423,8,3,1,Periodo garantia,43454
400,7,2,1,En sucursal,134371
403,7,2,1,En sucursal,134371
397,7,3,1,En sucursal,134371
909,16,3,1,Periodo garantia,82553
418,7,3,1,En sucursal,134371
411,7,3,1,En sucursal,74643
432,8,3,1,Periodo garantia,33581
386,7,3,1,En sucursal,74643
457,8,1,1,En sucursal,43454
446,8,1,1,En sucursal,31683
435,8,3,1,Periodo garantia,33581
732,13,3,1,Periodo garantia,22769
1206,21,3,1,Periodo garantia,8106
443,8,1,1,En sucursal,43454
459,8,2,1,En sucursal,31683
473,8,2,1,En sucursal,43454
797,14,,1,En bodega,54815
798,14,,1,En bodega,62690
803,14,,1,En bodega,62690
805,14,,1,En bodega,56425
810,14,,1,En bodega,62690
813,14,,1,En bodega,62690
815,14,,1,En bodega,56425
817,14,,1,En bodega,62690
819,14,,1,En bodega,54815
820,14,,1,En bodega,54815
821,14,,1,En bodega,54815
826,14,,1,En bodega,54815
829,14,,1,En bodega,56425
830,14,,1,En bodega,54815
832,14,,1,En bodega,54815
834,14,,1,En bodega,56425
835,14,,1,En bodega,56425
837,14,,1,En bodega,56425
839,14,,1,En bodega,56425
861,15,,1,En bodega,66489
862,15,,1,En bodega,76665
863,15,,1,En bodega,76665
868,15,,1,En bodega,66489
869,15,,1,En bodega,66489
870,15,,1,En bodega,105184
871,15,,1,En bodega,105184
873,15,,1,En bodega,66489
874,15,,1,En bodega,76665
875,15,,1,En bodega,105184
877,15,,1,En bodega,66489
880,15,,1,En bodega,66489
884,15,,1,En bodega,76665
886,15,,1,En bodega,66489
887,15,,1,En bodega,76665
888,15,,1,En bodega,105184
889,15,,1,En bodega,66489
894,15,,1,En bodega,105184
896,15,,1,En bodega,105184
898,15,,1,En bodega,66489
900,15,,1,En bodega,66489
919,16,,1,En bodega,82553
920,16,,1,En bodega,53276
923,16,,1,En bodega,80186
928,16,,1,En bodega,53276
929,16,,1,En bodega,53276
932,16,,1,En bodega,53276
303,6,3,1,Periodo garantia,54741
486,9,3,1,Periodo garantia,25140
458,8,2,1,En sucursal,33581
1092,19,3,1,Periodo garantia,68820
1752,30,3,1,Periodo garantia,16236
789,14,3,1,Periodo garantia,62690
675,12,3,1,Periodo garantia,28094
1695,29,3,1,Periodo garantia,11368
612,11,3,1,Periodo garantia,12674
1746,30,3,1,Periodo garantia,33518
1086,19,3,1,Periodo garantia,91739
309,6,3,1,Periodo garantia,100651
1026,18,3,1,Periodo garantia,61281
1809,31,3,1,Periodo garantia,31296
1632,28,3,1,Periodo garantia,168343
603,11,3,1,Periodo garantia,11658
1332,23,3,1,Periodo garantia,915530
795,14,3,1,Periodo garantia,54815
735,13,3,1,Periodo garantia,24208
1569,27,3,1,Periodo garantia,84850
440,8,3,1,En sucursal,43454
451,8,3,1,En sucursal,43454
478,8,3,1,En sucursal,43454
1803,31,3,1,Periodo garantia,22634
517,9,1,1,En sucursal,25140
502,9,1,1,En sucursal,40320
512,9,1,1,En sucursal,45035
1629,28,3,1,Periodo garantia,79245
533,9,2,1,En sucursal,45035
516,9,2,1,En sucursal,25140
519,9,2,1,En sucursal,40320
507,9,2,1,En sucursal,40320
514,9,3,1,En sucursal,45035
1263,22,3,1,Periodo garantia,11993
1446,25,3,1,Periodo garantia,94134
312,6,3,1,Periodo garantia,100651
1035,18,3,1,Periodo garantia,61281
543,10,3,1,Periodo garantia,40965
846,15,3,1,Periodo garantia,76665
1863,32,3,1,Periodo garantia,26940
1689,29,3,1,Periodo garantia,10343
1032,18,3,1,Periodo garantia,54528
1143,20,3,1,Periodo garantia,28148
906,16,3,1,Periodo garantia,80186
1692,29,3,1,Periodo garantia,10343
1149,20,3,1,Periodo garantia,50638
363,7,3,1,Periodo garantia,134371
954,16,1,1,En sucursal,80186
540,9,3,1,En sucursal,25140
524,9,3,1,En sucursal,40320
530,9,3,1,En sucursal,25140
594,10,1,1,En sucursal,105575
559,10,1,1,En sucursal,105575
574,10,1,1,En sucursal,40965
556,10,2,1,En sucursal,40965
944,16,,1,En bodega,80186
946,16,,1,En bodega,53276
947,16,,1,En bodega,80186
949,16,,1,En bodega,80186
950,16,,1,En bodega,53276
956,16,,1,En bodega,80186
959,16,,1,En bodega,82553
960,16,,1,En bodega,82553
976,17,,1,En bodega,16058
977,17,,1,En bodega,16058
978,17,,1,En bodega,23671
979,17,,1,En bodega,23671
980,17,,1,En bodega,16058
981,17,,1,En bodega,23671
983,17,,1,En bodega,16058
986,17,,1,En bodega,41286
992,17,,1,En bodega,23671
996,17,,1,En bodega,16058
998,17,,1,En bodega,16058
999,17,,1,En bodega,16058
1001,17,,1,En bodega,16058
1002,17,,1,En bodega,23671
1003,17,,1,En bodega,23671
1014,17,,1,En bodega,23671
1017,17,,1,En bodega,16058
1018,17,,1,En bodega,41286
1019,17,,1,En bodega,41286
1038,18,,1,En bodega,56795
1041,18,,1,En bodega,56795
1045,18,,1,En bodega,54528
1046,18,,1,En bodega,61281
1047,18,,1,En bodega,61281
1050,18,,1,En bodega,56795
1051,18,,1,En bodega,61281
1052,18,,1,En bodega,56795
1058,18,,1,En bodega,56795
1060,18,,1,En bodega,61281
1063,18,,1,En bodega,61281
1065,18,,1,En bodega,61281
1069,18,,1,En bodega,61281
1071,18,,1,En bodega,61281
1072,18,,1,En bodega,56795
1073,18,,1,En bodega,61281
1076,18,,1,En bodega,56795
1077,18,,1,En bodega,54528
1079,18,,1,En bodega,54528
549,10,3,1,Periodo garantia,105575
366,7,3,1,Periodo garantia,60414
180,3,1,1,Periodo garantia,15324
59,1,1,1,Periodo garantia,20120
85,2,1,1,Periodo garantia,45229
138,3,1,1,Periodo garantia,15324
18,1,1,1,Periodo garantia,39076
492,9,3,1,Periodo garantia,45035
101,2,1,1,Periodo garantia,53410
102,2,2,1,Periodo garantia,45229
726,13,3,1,Periodo garantia,36570
45,1,2,1,Periodo garantia,20120
51,1,2,1,Periodo garantia,20120
105,2,2,1,Periodo garantia,45229
672,12,3,1,Periodo garantia,28094
975,17,3,1,Periodo garantia,16058
666,12,3,1,Periodo garantia,11503
44,1,1,1,En sucursal,33140
50,1,1,1,En sucursal,20120
48,1,2,1,En sucursal,39076
27,1,3,1,En sucursal,33140
79,2,1,1,En sucursal,45229
31,1,3,1,Periodo garantia,33140
86,2,3,1,Periodo garantia,45229
118,2,3,1,Periodo garantia,39459
103,2,3,1,Periodo garantia,39459
47,1,3,1,Periodo garantia,33140
35,1,3,1,Periodo garantia,39076
597,10,2,1,En sucursal,86351
576,10,2,1,En sucursal,40965
590,10,2,1,En sucursal,86351
599,10,3,1,En sucursal,40965
592,10,3,1,En sucursal,86351
584,10,3,1,En sucursal,40965
110,2,2,1,En sucursal,45229
104,2,3,1,En sucursal,39459
141,3,1,1,En sucursal,15324
172,3,2,1,En sucursal,15324
572,10,3,1,En sucursal,86351
616,11,1,1,En sucursal,11658
648,11,1,1,En sucursal,12674
649,11,2,1,En sucursal,13796
634,11,2,1,En sucursal,11658
653,11,2,1,En sucursal,12674
643,11,2,1,En sucursal,11658
636,11,3,1,En sucursal,11658
703,12,1,1,En sucursal,10323
679,12,1,1,En sucursal,11503
705,12,1,1,En sucursal,28094
685,12,2,1,En sucursal,11503
689,12,2,1,En sucursal,11503
676,12,2,1,En sucursal,11503
704,12,2,1,En sucursal,10323
719,12,3,1,En sucursal,28094
1101,19,,1,En bodega,91511
1109,19,,1,En bodega,91511
1111,19,,1,En bodega,91739
1112,19,,1,En bodega,91511
1113,19,,1,En bodega,91739
1116,19,,1,En bodega,91511
1118,19,,1,En bodega,91739
1120,19,,1,En bodega,91739
1121,19,,1,En bodega,68820
1125,19,,1,En bodega,91511
1126,19,,1,En bodega,91511
1127,19,,1,En bodega,91511
1132,19,,1,En bodega,91511
1134,19,,1,En bodega,91739
1135,19,,1,En bodega,68820
1136,19,,1,En bodega,91739
1140,19,,1,En bodega,91511
1158,20,,1,En bodega,50638
1163,20,,1,En bodega,51674
1164,20,,1,En bodega,28148
1165,20,,1,En bodega,28148
1169,20,,1,En bodega,51674
1170,20,,1,En bodega,50638
1171,20,,1,En bodega,51674
1172,20,,1,En bodega,51674
1174,20,,1,En bodega,51674
1175,20,,1,En bodega,28148
1176,20,,1,En bodega,50638
1177,20,,1,En bodega,28148
1178,20,,1,En bodega,51674
1179,20,,1,En bodega,51674
1181,20,,1,En bodega,50638
1183,20,,1,En bodega,50638
1187,20,,1,En bodega,51674
1190,20,,1,En bodega,28148
1192,20,,1,En bodega,51674
1195,20,,1,En bodega,51674
1199,20,,1,En bodega,28148
1217,21,,1,En bodega,7168
1218,21,,1,En bodega,13544
1221,21,,1,En bodega,8106
1225,21,,1,En bodega,13544
1227,21,,1,En bodega,13544
1233,21,,1,En bodega,13544
1234,21,,1,En bodega,13544
1235,21,,1,En bodega,8106
1236,21,,1,En bodega,8106
1238,21,,1,En bodega,13544
1240,21,,1,En bodega,8106
1241,21,,1,En bodega,13544
1242,21,,1,En bodega,13544
1244,21,,1,En bodega,8106
145,3,3,1,En sucursal,34736
209,4,1,1,En sucursal,29338
216,4,1,1,En sucursal,37031
200,4,2,1,En sucursal,24731
206,4,2,1,En sucursal,24731
220,4,3,1,En sucursal,29338
197,4,3,1,En sucursal,37031
353,6,1,1,Periodo garantia,100651
233,4,1,1,Periodo garantia,37031
202,4,1,1,Periodo garantia,37031
389,7,1,1,Periodo garantia,134371
288,5,1,1,En sucursal,43866
419,7,1,1,Periodo garantia,60414
274,5,1,1,Periodo garantia,97141
299,5,1,1,En sucursal,97141
266,5,2,1,Periodo garantia,97141
179,3,2,1,Periodo garantia,34736
268,5,2,1,Periodo garantia,97141
166,3,2,1,Periodo garantia,34736
409,7,2,1,Periodo garantia,60414
267,5,1,1,En sucursal,43866
376,7,2,1,Periodo garantia,134371
296,5,2,1,En sucursal,43866
261,5,3,1,En sucursal,96595
279,5,3,1,En sucursal,96595
354,6,1,1,En sucursal,100333
321,6,1,1,En sucursal,54741
359,6,1,1,En sucursal,100651
341,6,2,1,En sucursal,54741
137,3,2,1,Periodo garantia,32818
360,6,3,1,En sucursal,54741
351,6,2,1,Periodo garantia,54741
328,6,2,1,Periodo garantia,100333
234,4,2,1,Periodo garantia,29338
219,4,2,1,Periodo garantia,29338
695,12,3,1,En sucursal,10323
692,12,3,1,En sucursal,11503
677,12,3,1,En sucursal,10323
738,13,1,1,En sucursal,22769
391,7,1,1,En sucursal,74643
739,13,1,1,En sucursal,22769
406,7,1,1,En sucursal,134371
394,7,2,1,En sucursal,60414
407,7,3,1,En sucursal,134371
753,13,1,1,En sucursal,24208
736,13,2,1,En sucursal,36570
770,13,2,1,En sucursal,36570
756,13,2,1,En sucursal,22769
751,13,2,1,En sucursal,24208
771,13,3,1,En sucursal,24208
767,13,3,1,En sucursal,22769
754,13,3,1,En sucursal,22769
773,13,3,1,En sucursal,24208
806,14,1,1,En sucursal,62690
799,14,1,1,En sucursal,54815
822,14,1,1,En sucursal,62690
804,14,1,1,En sucursal,54815
802,14,2,1,En sucursal,62690
828,14,2,1,En sucursal,56425
807,14,2,1,En sucursal,54815
800,14,2,1,En sucursal,56425
836,14,3,1,En sucursal,62690
811,14,3,1,En sucursal,56425
1258,21,,1,En bodega,7168
1260,21,,1,En bodega,13544
1279,22,,1,En bodega,11993
1286,22,,1,En bodega,11993
1287,22,,1,En bodega,11993
1289,22,,1,En bodega,11503
1290,22,,1,En bodega,13153
1294,22,,1,En bodega,13153
1297,22,,1,En bodega,13153
1299,22,,1,En bodega,13153
1301,22,,1,En bodega,11503
1304,22,,1,En bodega,13153
1305,22,,1,En bodega,13153
1308,22,,1,En bodega,11503
1309,22,,1,En bodega,13153
1312,22,,1,En bodega,11503
1313,22,,1,En bodega,11993
1314,22,,1,En bodega,11503
1315,22,,1,En bodega,11503
1318,22,,1,En bodega,11993
1340,23,,1,En bodega,730108
1343,23,,1,En bodega,946969
1344,23,,1,En bodega,915530
1345,23,,1,En bodega,730108
1348,23,,1,En bodega,915530
1349,23,,1,En bodega,946969
1351,23,,1,En bodega,915530
1355,23,,1,En bodega,730108
1358,23,,1,En bodega,946969
1361,23,,1,En bodega,730108
1364,23,,1,En bodega,915530
1365,23,,1,En bodega,946969
1366,23,,1,En bodega,730108
1368,23,,1,En bodega,730108
1369,23,,1,En bodega,915530
1370,23,,1,En bodega,946969
1372,23,,1,En bodega,946969
1374,23,,1,En bodega,915530
1377,23,,1,En bodega,946969
1380,23,,1,En bodega,946969
1401,24,,1,En bodega,4475130
1403,24,,1,En bodega,3253153
398,7,3,1,En sucursal,60414
518,9,1,1,Periodo garantia,45035
438,8,1,1,Periodo garantia,43454
600,10,1,1,Periodo garantia,86351
658,11,1,1,Periodo garantia,13796
448,8,1,1,Periodo garantia,43454
456,8,1,1,Periodo garantia,31683
563,10,1,1,Periodo garantia,86351
450,8,1,1,En sucursal,43454
436,8,3,1,En sucursal,31683
505,9,1,1,En sucursal,45035
527,9,1,1,En sucursal,45035
496,9,2,1,En sucursal,40320
506,9,2,1,En sucursal,40320
523,9,3,1,En sucursal,40320
577,10,2,1,Periodo garantia,105575
476,8,2,1,Periodo garantia,33581
532,9,3,1,En sucursal,40320
534,9,2,1,Periodo garantia,25140
586,10,2,1,Periodo garantia,86351
528,9,2,1,Periodo garantia,45035
566,10,2,1,Periodo garantia,105575
442,8,2,1,Periodo garantia,33581
497,9,3,1,En sucursal,40320
596,10,3,1,Periodo garantia,40965
564,10,3,1,Periodo garantia,105575
441,8,3,1,Periodo garantia,31683
461,8,3,1,Periodo garantia,31683
595,10,1,1,En sucursal,40965
593,10,1,1,En sucursal,40965
571,10,2,1,En sucursal,40965
589,10,3,1,En sucursal,105575
583,10,3,1,En sucursal,40965
825,14,3,1,En sucursal,62690
859,15,1,1,En sucursal,66489
895,15,1,1,En sucursal,105184
881,15,1,1,En sucursal,76665
858,15,2,1,En sucursal,76665
885,15,2,1,En sucursal,105184
872,15,2,1,En sucursal,66489
891,15,2,1,En sucursal,105184
860,15,3,1,En sucursal,76665
856,15,3,1,En sucursal,66489
890,15,3,1,En sucursal,66489
927,16,1,1,En sucursal,82553
917,16,1,1,En sucursal,80186
953,16,1,1,En sucursal,82553
921,16,2,1,En sucursal,53276
957,16,2,1,En sucursal,53276
926,16,2,1,En sucursal,80186
951,16,3,1,En sucursal,82553
955,16,3,1,En sucursal,80186
952,16,3,1,En sucursal,80186
1007,17,1,1,En sucursal,16058
1008,17,1,1,En sucursal,23671
1415,24,,1,En bodega,4263675
1418,24,,1,En bodega,4475130
1422,24,,1,En bodega,3253153
1423,24,,1,En bodega,3253153
1424,24,,1,En bodega,4263675
1427,24,,1,En bodega,4475130
1430,24,,1,En bodega,4475130
1431,24,,1,En bodega,4475130
1433,24,,1,En bodega,4263675
1435,24,,1,En bodega,4263675
1436,24,,1,En bodega,4263675
1439,24,,1,En bodega,4263675
1440,24,,1,En bodega,4263675
1459,25,,1,En bodega,236768
1460,25,,1,En bodega,236768
1462,25,,1,En bodega,236768
1464,25,,1,En bodega,230005
1465,25,,1,En bodega,236768
1466,25,,1,En bodega,230005
1467,25,,1,En bodega,230005
1476,25,,1,En bodega,230005
1478,25,,1,En bodega,230005
1480,25,,1,En bodega,94134
1482,25,,1,En bodega,230005
1485,25,,1,En bodega,236768
1486,25,,1,En bodega,236768
1487,25,,1,En bodega,236768
1490,25,,1,En bodega,94134
1493,25,,1,En bodega,230005
1496,25,,1,En bodega,236768
1497,25,,1,En bodega,236768
1498,25,,1,En bodega,236768
1517,26,,1,En bodega,26210
1523,26,,1,En bodega,22370
1524,26,,1,En bodega,26210
1527,26,,1,En bodega,22370
1529,26,,1,En bodega,39970
1530,26,,1,En bodega,26210
1531,26,,1,En bodega,39970
1532,26,,1,En bodega,39970
1535,26,,1,En bodega,39970
1536,26,,1,En bodega,39970
1537,26,,1,En bodega,39970
1549,26,,1,En bodega,26210
1551,26,,1,En bodega,22370
1553,26,,1,En bodega,22370
1554,26,,1,En bodega,39970
1555,26,,1,En bodega,22370
1556,26,,1,En bodega,26210
1557,26,,1,En bodega,39970
1558,26,,1,En bodega,39970
1560,26,,1,En bodega,39970
642,11,1,1,En sucursal,12674
645,11,2,1,En sucursal,11658
618,11,2,1,En sucursal,13796
763,13,1,1,Periodo garantia,24208
812,14,1,1,Periodo garantia,56425
713,12,1,1,Periodo garantia,11503
690,12,1,1,Periodo garantia,28094
823,14,1,1,Periodo garantia,62690
716,12,1,1,Periodo garantia,10323
768,13,2,1,Periodo garantia,22769
651,11,3,1,En sucursal,12674
654,11,2,1,Periodo garantia,13796
686,12,2,1,Periodo garantia,28094
808,14,2,1,Periodo garantia,56425
720,12,1,1,En sucursal,28094
710,12,2,1,En sucursal,10323
708,12,2,1,En sucursal,28094
701,12,2,1,En sucursal,28094
682,12,3,1,En sucursal,10323
742,13,1,1,En sucursal,22769
757,13,1,1,En sucursal,22769
752,13,2,1,En sucursal,22769
749,13,2,1,En sucursal,36570
818,14,2,1,Periodo garantia,54815
744,13,2,1,En sucursal,36570
838,14,3,1,Periodo garantia,56425
633,11,3,1,Periodo garantia,11658
678,12,3,1,Periodo garantia,11503
702,12,3,1,Periodo garantia,10323
831,14,3,1,Periodo garantia,56425
659,11,3,1,Periodo garantia,11658
745,13,3,1,En sucursal,36570
1000,17,1,1,En sucursal,16058
1015,17,1,1,En sucursal,41286
1005,17,2,1,En sucursal,23671
990,17,2,1,En sucursal,23671
809,14,1,1,En sucursal,56425
824,14,2,1,En sucursal,62690
816,14,3,1,En sucursal,56425
796,14,3,1,En sucursal,54815
988,17,2,1,En sucursal,16058
989,17,2,1,En sucursal,41286
985,17,3,1,En sucursal,23671
991,17,3,1,En sucursal,41286
995,17,3,1,En sucursal,16058
982,17,3,1,En sucursal,23671
1048,18,1,1,En sucursal,61281
1037,18,1,1,En sucursal,61281
1074,18,1,1,En sucursal,61281
1040,18,1,1,En sucursal,61281
1070,18,2,1,En sucursal,61281
1054,18,2,1,En sucursal,54528
1080,18,2,1,En sucursal,54528
1043,18,2,1,En sucursal,56795
1059,18,3,1,En sucursal,56795
1042,18,3,1,En sucursal,54528
1578,27,,1,En bodega,79611
1580,27,,1,En bodega,40381
1581,27,,1,En bodega,79611
1585,27,,1,En bodega,79611
1588,27,,1,En bodega,84850
1589,27,,1,En bodega,79611
1591,27,,1,En bodega,40381
1595,27,,1,En bodega,40381
1597,27,,1,En bodega,40381
1600,27,,1,En bodega,40381
1601,27,,1,En bodega,79611
1602,27,,1,En bodega,79611
1604,27,,1,En bodega,79611
1606,27,,1,En bodega,40381
1611,27,,1,En bodega,40381
1613,27,,1,En bodega,40381
1616,27,,1,En bodega,84850
1617,27,,1,En bodega,40381
1619,27,,1,En bodega,40381
1620,27,,1,En bodega,40381
1637,28,,1,En bodega,88993
1644,28,,1,En bodega,168343
1645,28,,1,En bodega,79245
1646,28,,1,En bodega,79245
1650,28,,1,En bodega,79245
1654,28,,1,En bodega,88993
1656,28,,1,En bodega,79245
1659,28,,1,En bodega,88993
1661,28,,1,En bodega,79245
1663,28,,1,En bodega,79245
1665,28,,1,En bodega,168343
1667,28,,1,En bodega,79245
1669,28,,1,En bodega,168343
1670,28,,1,En bodega,88993
1673,28,,1,En bodega,168343
1674,28,,1,En bodega,79245
1675,28,,1,En bodega,168343
1679,28,,1,En bodega,168343
1680,28,,1,En bodega,88993
1697,29,,1,En bodega,10343
1699,29,,1,En bodega,20105
1700,29,,1,En bodega,20105
1701,29,,1,En bodega,11368
1702,29,,1,En bodega,20105
1704,29,,1,En bodega,10343
1708,29,,1,En bodega,20105
1711,29,,1,En bodega,20105
1714,29,,1,En bodega,20105
1715,29,,1,En bodega,20105
1717,29,,1,En bodega,10343
878,15,1,1,En sucursal,66489
1067,18,1,1,Periodo garantia,56795
865,15,1,1,Periodo garantia,66489
899,15,1,1,Periodo garantia,105184
876,15,1,1,En sucursal,76665
897,15,2,1,En sucursal,66489
867,15,3,1,En sucursal,66489
857,15,3,1,En sucursal,105184
916,16,1,1,En sucursal,80186
925,16,2,1,En sucursal,82553
922,16,3,1,En sucursal,82553
987,17,1,1,En sucursal,41286
1006,17,1,1,Periodo garantia,41286
1105,19,1,1,Periodo garantia,68820
948,16,1,1,Periodo garantia,53276
1119,19,2,1,Periodo garantia,68820
1012,17,1,1,En sucursal,41286
1107,19,2,1,Periodo garantia,91511
1068,18,2,1,Periodo garantia,54528
1013,17,2,1,Periodo garantia,16058
883,15,2,1,Periodo garantia,105184
1020,17,2,1,En sucursal,23671
882,15,2,1,Periodo garantia,105184
1057,18,2,1,Periodo garantia,56795
1009,17,2,1,En sucursal,41286
993,17,2,1,En sucursal,41286
1011,17,3,1,En sucursal,41286
1004,17,3,1,En sucursal,23671
1064,18,1,1,En sucursal,61281
1078,18,1,1,En sucursal,56795
1053,18,2,1,En sucursal,54528
1055,18,2,1,En sucursal,54528
1039,18,3,1,En sucursal,56795
924,16,3,1,Periodo garantia,53276
1066,18,3,1,Periodo garantia,61281
930,16,3,1,Periodo garantia,82553
864,15,3,1,Periodo garantia,66489
1061,18,3,1,Periodo garantia,54528
893,15,3,1,Periodo garantia,105184
1056,18,3,1,En sucursal,54528
1044,18,3,1,En sucursal,54528
1124,19,1,1,En sucursal,91511
1103,19,1,1,En sucursal,91511
1110,19,1,1,En sucursal,91511
1122,19,1,1,En sucursal,91739
1133,19,1,1,En sucursal,68820
1137,19,1,1,En sucursal,68820
1108,19,2,1,En sucursal,68820
1123,19,2,1,En sucursal,91511
1139,19,2,1,En sucursal,91739
1117,19,2,1,En sucursal,91739
1106,19,2,1,En sucursal,68820
1131,19,3,1,En sucursal,91511
1130,19,3,1,En sucursal,91739
1129,19,3,1,En sucursal,91739
1188,20,1,1,En sucursal,28148
1166,20,1,1,En sucursal,51674
1194,20,1,1,En sucursal,28148
1168,20,1,1,En sucursal,51674
1186,20,2,1,En sucursal,50638
1182,20,3,1,En sucursal,50638
1198,20,3,1,En sucursal,28148
1196,20,3,1,En sucursal,28148
1157,20,3,1,En sucursal,28148
1732,29,,1,En bodega,20105
1735,29,,1,En bodega,10343
1737,29,,1,En bodega,20105
1738,29,,1,En bodega,10343
1760,30,,1,En bodega,33518
1762,30,,1,En bodega,44009
1765,30,,1,En bodega,44009
1766,30,,1,En bodega,16236
1767,30,,1,En bodega,33518
1768,30,,1,En bodega,16236
1773,30,,1,En bodega,44009
1774,30,,1,En bodega,16236
1775,30,,1,En bodega,16236
1776,30,,1,En bodega,16236
1778,30,,1,En bodega,16236
1780,30,,1,En bodega,33518
1785,30,,1,En bodega,44009
1788,30,,1,En bodega,44009
1790,30,,1,En bodega,16236
1792,30,,1,En bodega,16236
1797,30,,1,En bodega,16236
1799,30,,1,En bodega,16236
1800,30,,1,En bodega,16236
1820,31,,1,En bodega,17020
1823,31,,1,En bodega,22634
1825,31,,1,En bodega,22634
1827,31,,1,En bodega,22634
1830,31,,1,En bodega,31296
1836,31,,1,En bodega,22634
1838,31,,1,En bodega,22634
1839,31,,1,En bodega,31296
1840,31,,1,En bodega,22634
1841,31,,1,En bodega,31296
1843,31,,1,En bodega,31296
1844,31,,1,En bodega,22634
1848,31,,1,En bodega,17020
1849,31,,1,En bodega,17020
1852,31,,1,En bodega,17020
1853,31,,1,En bodega,31296
1854,31,,1,En bodega,22634
1855,31,,1,En bodega,17020
1114,19,3,1,En sucursal,91511
1138,19,3,1,En sucursal,91511
1231,21,1,1,Periodo garantia,7168
1302,22,1,1,Periodo garantia,11993
1296,22,1,1,Periodo garantia,13153
1156,20,1,1,Periodo garantia,51674
1162,20,1,1,Periodo garantia,51674
1223,21,2,1,Periodo garantia,8106
1300,22,2,1,Periodo garantia,13153
1226,21,2,1,Periodo garantia,13544
1184,20,2,1,Periodo garantia,50638
1295,22,2,1,Periodo garantia,11993
1197,20,1,1,En sucursal,50638
1278,22,2,1,Periodo garantia,11993
1161,20,1,1,En sucursal,28148
1185,20,2,1,En sucursal,28148
1173,20,2,1,En sucursal,28148
1200,20,3,1,En sucursal,28148
1189,20,3,1,En sucursal,50638
1160,20,3,1,En sucursal,50638
1229,21,1,1,En sucursal,7168
1239,21,1,1,En sucursal,13544
1222,21,2,1,En sucursal,7168
1191,20,2,1,Periodo garantia,28148
1246,21,2,1,En sucursal,8106
1159,20,3,1,Periodo garantia,50638
1104,19,3,1,Periodo garantia,91511
1316,22,3,1,Periodo garantia,11993
1237,21,1,1,En sucursal,8106
1230,21,1,1,En sucursal,8106
1216,21,1,1,En sucursal,13544
1243,21,2,1,En sucursal,8106
1228,21,2,1,En sucursal,8106
1254,21,3,1,En sucursal,7168
1224,21,3,1,En sucursal,7168
1307,22,1,1,En sucursal,11503
1303,22,1,1,En sucursal,13153
1282,22,2,1,En sucursal,13153
1306,22,3,1,En sucursal,11993
1280,22,3,1,En sucursal,13153
1276,22,3,1,En sucursal,13153
1220,21,3,1,En sucursal,8106
1284,22,1,1,En sucursal,11503
1319,22,1,1,En sucursal,11993
1292,22,1,1,En sucursal,11503
1277,22,1,1,En sucursal,13153
1320,22,2,1,En sucursal,13153
1291,22,2,1,En sucursal,13153
1293,22,2,1,En sucursal,11993
1288,22,2,1,En sucursal,13153
1317,22,3,1,En sucursal,11993
1310,22,3,1,En sucursal,13153
1281,22,3,1,En sucursal,13153
1283,22,3,1,En sucursal,11503
1356,23,1,1,En sucursal,946969
1376,23,1,1,En sucursal,915530
1347,23,1,1,En sucursal,730108
1379,23,1,1,En sucursal,915530
1362,23,2,1,En sucursal,946969
1889,32,,1,En bodega,26940
1892,32,,1,En bodega,21451
1896,32,,1,En bodega,26940
1899,32,,1,En bodega,21451
1902,32,,1,En bodega,26940
1906,32,,1,En bodega,32043
1908,32,,1,En bodega,32043
1910,32,,1,En bodega,21451
1911,32,,1,En bodega,21451
1914,32,,1,En bodega,21451
1917,32,,1,En bodega,32043
1918,32,,1,En bodega,21451
1919,32,,1,En bodega,32043
1942,33,,1,En bodega,755
1943,33,,1,En bodega,450
1944,33,,1,En bodega,450
1947,33,,1,En bodega,476
1953,33,,1,En bodega,755
1954,33,,1,En bodega,755
1955,33,,1,En bodega,755
1956,33,,1,En bodega,476
1957,33,,1,En bodega,476
1959,33,,1,En bodega,476
1960,33,,1,En bodega,450
1961,33,,1,En bodega,450
1967,33,,1,En bodega,450
1968,33,,1,En bodega,476
1971,33,,1,En bodega,476
1972,33,,1,En bodega,450
1973,33,,1,En bodega,450
1976,33,,1,En bodega,450
1979,33,,1,En bodega,476
1997,34,,1,En bodega,156989
2001,34,,1,En bodega,91351
2007,34,,1,En bodega,91351
2010,34,,1,En bodega,89819
2015,34,,1,En bodega,91351
2019,34,,1,En bodega,156989
2021,34,,1,En bodega,156989
2022,34,,1,En bodega,89819
2024,34,,1,En bodega,89819
2025,34,,1,En bodega,89819
2027,34,,1,En bodega,91351
2029,34,,1,En bodega,89819
2031,34,,1,En bodega,91351
146,3,1,1,En sucursal,15324
81,2,1,1,En sucursal,53410
107,2,2,1,En sucursal,53410
160,3,1,1,En sucursal,15324
149,3,1,1,En sucursal,15324
148,3,2,1,En sucursal,32818
155,3,3,1,En sucursal,34736
264,5,2,1,En sucursal,97141
1350,23,1,1,En sucursal,915530
1373,23,1,1,En sucursal,915530
1352,23,1,1,En sucursal,946969
1357,23,2,1,En sucursal,946969
1378,23,2,1,En sucursal,946969
1428,24,1,1,Periodo garantia,4475130
1488,25,1,1,Periodo garantia,94134
1339,23,1,1,Periodo garantia,946969
1426,24,1,1,Periodo garantia,4475130
16,1,2,1,Periodo garantia,20120
1341,23,2,1,Periodo garantia,946969
1420,24,2,1,Periodo garantia,4263675
1336,23,3,1,En sucursal,915530
1434,24,2,1,Periodo garantia,4475130
1359,23,2,1,Periodo garantia,730108
157,3,3,1,Periodo garantia,32818
212,4,3,1,Periodo garantia,29338
1342,23,3,1,En sucursal,730108
1398,24,1,1,En sucursal,4475130
1421,24,2,1,En sucursal,3253153
1432,24,2,1,En sucursal,3253153
1437,24,3,1,En sucursal,3253153
1472,25,1,1,En sucursal,236768
152,3,3,1,Periodo garantia,15324
1363,23,3,1,Periodo garantia,946969
1371,23,3,1,Periodo garantia,946969
151,3,3,1,En sucursal,34736
225,4,2,1,En sucursal,37031
1338,23,2,1,En sucursal,946969
1375,23,2,1,En sucursal,946969
1346,23,2,1,En sucursal,915530
1367,23,3,1,En sucursal,946969
1354,23,3,1,En sucursal,915530
1353,23,3,1,En sucursal,946969
1360,23,3,1,En sucursal,730108
1425,24,1,1,En sucursal,4475130
1419,24,1,1,En sucursal,4475130
1400,24,1,1,En sucursal,4263675
1399,24,1,1,En sucursal,4475130
1438,24,2,1,En sucursal,4475130
1417,24,2,1,En sucursal,4475130
1397,24,2,1,En sucursal,3253153
1396,24,3,1,En sucursal,4475130
29,1,,1,En bodega,39076
42,1,,1,En bodega,39076
55,1,,1,En bodega,39076
1500,25,1,1,En sucursal,236768
94,2,,1,En bodega,45229
120,2,,1,En bodega,39459
1457,25,1,1,En sucursal,94134
150,3,,1,En bodega,34736
153,3,,1,En bodega,15324
154,3,,1,En bodega,15324
156,3,,1,En bodega,32818
158,3,,1,En bodega,32818
173,3,,1,En bodega,15324
1471,25,1,1,En sucursal,236768
199,4,,1,En bodega,29338
238,4,,1,En bodega,37031
1458,25,1,1,En sucursal,236768
277,5,,1,En bodega,97141
290,5,,1,En bodega,43866
2058,35,,1,En bodega,163835
2059,35,,1,En bodega,274025
2062,35,,1,En bodega,228913
2064,35,,1,En bodega,163835
2066,35,,1,En bodega,228913
2067,35,,1,En bodega,228913
2069,35,,1,En bodega,228913
2071,35,,1,En bodega,274025
2072,35,,1,En bodega,163835
2073,35,,1,En bodega,228913
2074,35,,1,En bodega,163835
2076,35,,1,En bodega,228913
2077,35,,1,En bodega,274025
2080,35,,1,En bodega,228913
2084,35,,1,En bodega,274025
2085,35,,1,En bodega,163835
2089,35,,1,En bodega,274025
2095,35,,1,En bodega,163835
2100,35,,1,En bodega,228913
2116,36,,1,En bodega,664285
2117,36,,1,En bodega,664285
2119,36,,1,En bodega,556756
2120,36,,1,En bodega,554875
2124,36,,1,En bodega,554875
2126,36,,1,En bodega,664285
2128,36,,1,En bodega,554875
2129,36,,1,En bodega,554875
2137,36,,1,En bodega,556756
2139,36,,1,En bodega,556756
2141,36,,1,En bodega,554875
2142,36,,1,En bodega,556756
2143,36,,1,En bodega,554875
2147,36,,1,En bodega,554875
2154,36,,1,En bodega,664285
2156,36,,1,En bodega,664285
2157,36,,1,En bodega,556756
2159,36,,1,En bodega,556756
317,6,2,1,En sucursal,54741
343,6,3,1,En sucursal,54741
382,7,2,1,En sucursal,74643
465,8,1,1,En sucursal,33581
463,8,2,1,En sucursal,43454
466,8,2,1,En sucursal,33581
467,8,2,1,En sucursal,43454
464,8,3,1,En sucursal,33581
500,9,1,1,En sucursal,25140
330,6,,1,En bodega,100651
356,6,,1,En bodega,54741
565,10,1,1,En sucursal,40965
395,7,,1,En bodega,60414
625,11,1,1,En sucursal,12674
657,11,1,1,En sucursal,12674
447,8,,1,En bodega,33581
460,8,,1,En bodega,43454
462,8,,1,En bodega,31683
469,8,,1,En bodega,31683
470,8,,1,En bodega,43454
471,8,,1,En bodega,31683
472,8,,1,En bodega,43454
474,8,,1,En bodega,43454
627,11,3,1,En sucursal,13796
539,9,,1,En bodega,40320
683,12,3,1,En sucursal,10323
578,10,,1,En bodega,40965
591,10,,1,En bodega,86351
776,13,1,1,En sucursal,22769
619,11,,1,En bodega,13796
622,11,,1,En bodega,12674
624,11,,1,En bodega,11658
626,11,,1,En bodega,12674
629,11,,1,En bodega,12674
631,11,,1,En bodega,12674
617,11,1,1,En sucursal,11658
709,12,,1,En bodega,28094
748,13,3,1,En sucursal,36570
644,11,3,1,En sucursal,12674
774,13,,1,En bodega,36570
777,13,,1,En bodega,22769
778,13,,1,En bodega,24208
827,14,2,1,En sucursal,54815
628,11,3,1,En sucursal,13796
621,11,3,1,En sucursal,13796
696,12,1,1,En sucursal,11503
780,13,1,1,En sucursal,36570
939,16,2,1,En sucursal,82553
840,14,3,1,En sucursal,54815
801,14,,1,En bodega,56425
814,14,,1,En bodega,62690
879,15,1,1,En sucursal,76665
1062,18,1,1,En sucursal,56795
918,16,,1,En bodega,53276
935,16,,1,En bodega,82553
936,16,,1,En bodega,82553
938,16,,1,En bodega,53276
943,16,,1,En bodega,82553
945,16,,1,En bodega,82553
958,16,,1,En bodega,80186
1036,18,3,1,En sucursal,54528
984,17,,1,En bodega,16058
997,17,,1,En bodega,16058
1096,19,1,1,En sucursal,91511
1049,18,,1,En bodega,54528
1075,18,,1,En bodega,54528
866,15,3,1,En sucursal,66489
937,16,1,1,En sucursal,82553
933,16,2,1,En sucursal,82553
1248,21,3,1,En sucursal,7168
1252,21,3,1,En sucursal,8106
941,16,3,1,En sucursal,53276
1256,21,1,1,Periodo garantia,7168
1097,19,,1,En bodega,68820
1098,19,,1,En bodega,68820
1100,19,,1,En bodega,68820
1128,19,,1,En bodega,68820
620,11,1,1,Periodo garantia,13796
526,9,1,1,Periodo garantia,45035
1010,17,1,1,Periodo garantia,41286
1247,21,,1,En bodega,13544
1249,21,,1,En bodega,8106
1250,21,,1,En bodega,8106
1251,21,,1,En bodega,8106
1259,21,,1,En bodega,7168
942,16,1,1,Periodo garantia,82553
1285,22,,1,En bodega,13153
1298,22,,1,En bodega,11993
1311,22,,1,En bodega,11503
892,15,2,1,Periodo garantia,105184
1337,23,,1,En bodega,915530
940,16,2,1,Periodo garantia,80186
623,11,2,1,Periodo garantia,13796
931,16,2,1,Periodo garantia,82553
468,8,3,1,Periodo garantia,33581
1099,19,3,1,Periodo garantia,91511
1253,21,3,1,Periodo garantia,13544
779,13,3,1,Periodo garantia,36570
408,7,3,1,Periodo garantia,74643
513,9,3,1,Periodo garantia,45035
761,13,3,1,Periodo garantia,24208
934,16,3,1,Periodo garantia,53276
1219,21,3,1,Periodo garantia,7168
1115,19,2,1,En sucursal,91739
1102,19,3,1,En sucursal,91739
1193,20,2,1,En sucursal,51674
1167,20,2,1,En sucursal,51674
1180,20,2,1,En sucursal,51674
1232,21,1,1,En sucursal,13544
1257,21,2,1,En sucursal,7168
1255,21,2,1,En sucursal,7168
1245,21,3,1,En sucursal,7168
64,2,1,1,Periodo garantia,39459
1402,24,,1,En bodega,4263675
1404,24,,1,En bodega,4263675
1405,24,,1,En bodega,4263675
1406,24,,1,En bodega,4263675
1411,24,,1,En bodega,4475130
1429,24,,1,En bodega,4263675
13,1,1,1,Periodo garantia,33140
67,2,1,1,Periodo garantia,39459
1468,25,,1,En bodega,236768
1481,25,,1,En bodega,236768
7,1,1,1,Periodo garantia,20120
1546,26,,1,En bodega,22370
1,1,1,1,Periodo garantia,33140
11,1,2,1,Periodo garantia,39076
62,2,2,1,Periodo garantia,39459
8,1,2,1,Periodo garantia,20120
2,1,2,1,Periodo garantia,39076
15,1,3,1,Periodo garantia,20120
12,1,3,1,Periodo garantia,33140
9,1,3,1,Periodo garantia,20120
1407,24,1,1,En sucursal,3253153
1412,24,2,1,En sucursal,4475130
1410,24,3,1,En sucursal,3253153
1413,24,3,1,En sucursal,3253153
1541,26,1,1,Periodo garantia,22370
1612,27,,1,En bodega,40381
1408,24,3,1,En sucursal,4475130
1638,28,,1,En bodega,168343
1651,28,,1,En bodega,79245
1494,25,1,1,Periodo garantia,230005
1470,25,1,1,En sucursal,236768
1716,29,,1,En bodega,20105
1718,29,,1,En bodega,10343
10,1,1,1,Periodo garantia,20120
1577,27,1,1,Periodo garantia,84850
1723,29,,1,En bodega,20105
1518,26,1,1,Periodo garantia,39970
1725,29,,1,En bodega,11368
1586,27,1,1,Periodo garantia,79611
1727,29,,1,En bodega,10343
1730,29,,1,En bodega,11368
1477,25,2,1,En sucursal,94134
1587,27,2,1,Periodo garantia,79611
1489,25,2,1,Periodo garantia,230005
1782,30,,1,En bodega,16236
1795,30,,1,En bodega,16236
1473,25,2,1,En sucursal,94134
1834,31,,1,En bodega,31296
1847,31,,1,En bodega,17020
1860,31,,1,En bodega,17020
1590,27,2,1,Periodo garantia,84850
1877,32,,1,En bodega,21451
1878,32,,1,En bodega,26940
1882,32,,1,En bodega,21451
1884,32,,1,En bodega,26940
1885,32,,1,En bodega,26940
1887,32,,1,En bodega,32043
1900,32,,1,En bodega,32043
1913,32,,1,En bodega,26940
1491,25,3,1,En sucursal,230005
1939,33,,1,En bodega,755
1479,25,2,1,Periodo garantia,230005
1965,33,,1,En bodega,476
2004,34,,1,En bodega,156989
1525,26,2,1,Periodo garantia,22370
2032,34,,1,En bodega,91351
2033,34,,1,En bodega,89819
2034,34,,1,En bodega,156989
2035,34,,1,En bodega,156989
1543,26,2,1,Periodo garantia,39970
2038,34,,1,En bodega,91351
2039,34,,1,En bodega,91351
2040,34,,1,En bodega,156989
1461,25,3,1,En sucursal,230005
1409,24,3,1,Periodo garantia,4263675
2083,35,,1,En bodega,274025
2096,35,,1,En bodega,228913
1545,26,1,1,En sucursal,26210
2122,36,,1,En bodega,556756
2135,36,,1,En bodega,554875
2148,36,,1,En bodega,554875
1520,26,1,1,En sucursal,26210
1519,26,2,1,En sucursal,26210
1521,26,2,1,En sucursal,39970
1552,26,3,1,En sucursal,22370
1528,26,3,1,En sucursal,26210
1522,26,3,1,En sucursal,26210
1603,27,1,1,En sucursal,40381
1416,24,3,1,En sucursal,4263675
1605,27,1,1,En sucursal,84850
1598,27,2,1,En sucursal,84850
3,1,3,1,En sucursal,33140
4,1,1,1,En sucursal,33140
5,1,2,1,En sucursal,39076
6,1,3,1,En sucursal,20120
1614,27,2,1,En sucursal,79611
1579,27,3,1,En sucursal,84850
1584,27,3,1,En sucursal,40381
1463,25,2,1,En sucursal,236768
1414,24,3,1,Periodo garantia,3253153
1495,25,3,1,Periodo garantia,94134
1483,25,2,1,En sucursal,94134
14,1,2,1,En sucursal,20120
1469,25,2,1,En sucursal,236768
61,2,1,1,En sucursal,39459
1484,25,2,1,En sucursal,94134
63,2,3,1,En sucursal,45229
1474,25,3,1,En sucursal,230005
65,2,2,1,En sucursal,39459
66,2,3,1,En sucursal,53410
1475,25,3,1,En sucursal,236768
1492,25,3,1,En sucursal,94134
1499,25,3,1,En sucursal,236768
1547,26,1,1,En sucursal,26210
1548,26,1,1,En sucursal,39970
1539,26,1,1,En sucursal,22370
1559,26,1,1,En sucursal,22370
1596,27,3,1,En sucursal,79611
1678,28,1,1,En sucursal,79245
1636,28,1,1,En sucursal,88993
1658,28,2,1,En sucursal,79245
1639,28,2,1,En sucursal,88993
1677,28,3,1,En sucursal,168343
1660,28,3,1,En sucursal,88993
1696,29,1,1,En sucursal,11368
1720,29,1,1,En sucursal,11368
1707,29,2,1,En sucursal,20105
1733,29,2,1,En sucursal,11368
1713,29,3,1,En sucursal,11368
1724,29,3,1,En sucursal,20105
1758,30,1,1,En sucursal,33518
1787,30,1,1,En sucursal,44009
1794,30,2,1,En sucursal,16236
1796,30,2,1,En sucursal,33518
1783,30,3,1,En sucursal,33518
1798,30,3,1,En sucursal,16236
1771,30,3,1,En sucursal,44009
1846,31,1,1,En sucursal,22634
1822,31,1,1,En sucursal,31296
1826,31,2,1,En sucursal,31296
1835,31,2,1,En sucursal,22634
1828,31,3,1,En sucursal,17020
1824,31,3,1,En sucursal,22634
1894,32,1,1,En sucursal,21451
1907,32,1,1,En sucursal,32043
1912,32,2,1,En sucursal,32043
1891,32,2,1,En sucursal,21451
1897,32,2,1,En sucursal,26940
1909,32,3,1,En sucursal,26940
1890,32,3,1,En sucursal,21451
1963,33,1,1,En sucursal,450
1948,33,2,1,En sucursal,476
1966,33,2,1,En sucursal,450
1970,33,2,1,En sucursal,450
1941,33,3,1,En sucursal,755
2017,34,1,1,En sucursal,156989
2014,34,1,1,En sucursal,156989
2005,34,2,1,En sucursal,89819
2023,34,3,1,En sucursal,89819
2092,35,1,1,En sucursal,274025
2065,35,1,1,En sucursal,274025
2070,35,2,1,En sucursal,163835
2081,35,2,1,En sucursal,228913
2068,35,3,1,En sucursal,274025
2075,35,3,1,En sucursal,163835
2136,36,1,1,En sucursal,664285
2131,36,1,1,En sucursal,664285
2160,36,2,1,En sucursal,554875
2150,36,2,1,En sucursal,664285
2132,36,3,1,En sucursal,554875
2152,36,3,1,En sucursal,664285
1818,31,1,1,Periodo garantia,31296
1655,28,1,1,Periodo garantia,168343
1786,30,1,1,Periodo garantia,44009
2145,36,1,1,Periodo garantia,664285
2144,36,1,1,Periodo garantia,556756
1952,33,1,1,Periodo garantia,755
1895,32,1,1,Periodo garantia,32043
2078,35,1,1,Periodo garantia,228913
1729,29,1,1,Periodo garantia,10343
1962,33,1,1,Periodo garantia,755
1996,34,1,1,Periodo garantia,89819
1950,33,1,1,Periodo garantia,476
1831,31,1,1,Periodo garantia,31296
1710,29,1,1,Periodo garantia,20105
1876,32,1,1,Periodo garantia,21451
2020,34,1,1,Periodo garantia,89819
1672,28,1,1,Periodo garantia,168343
2056,35,1,1,Periodo garantia,228913
1756,30,1,1,Periodo garantia,16236
2146,36,2,1,Periodo garantia,556756
2016,34,2,1,Periodo garantia,89819
2090,35,2,1,Periodo garantia,163835
1540,26,2,1,En sucursal,39970
1534,26,2,1,En sucursal,26210
1542,26,2,1,En sucursal,22370
1533,26,2,1,En sucursal,26210
1538,26,3,1,En sucursal,26210
1526,26,3,1,En sucursal,26210
1550,26,3,1,En sucursal,26210
1516,26,3,1,En sucursal,22370
1615,27,1,1,En sucursal,84850
1607,27,1,1,En sucursal,84850
1608,27,1,1,En sucursal,40381
1610,27,1,1,En sucursal,40381
1609,27,2,1,En sucursal,79611
1618,27,2,1,En sucursal,79611
1583,27,2,1,En sucursal,84850
1582,27,2,1,En sucursal,40381
1594,27,3,1,En sucursal,79611
1593,27,3,1,En sucursal,40381
1576,27,3,1,En sucursal,40381
1592,27,3,1,En sucursal,40381
1640,28,1,1,En sucursal,168343
1666,28,1,1,En sucursal,88993
1649,28,1,1,En sucursal,79245
1643,28,1,1,En sucursal,88993
1668,28,2,1,En sucursal,168343
1652,28,2,1,En sucursal,168343
1653,28,2,1,En sucursal,168343
1664,28,2,1,En sucursal,79245
1657,28,3,1,En sucursal,168343
1642,28,3,1,En sucursal,79245
1647,28,3,1,En sucursal,88993
1662,28,3,1,En sucursal,79245
1712,29,1,1,En sucursal,11368
1736,29,1,1,En sucursal,11368
1740,29,1,1,En sucursal,10343
1722,29,1,1,En sucursal,10343
1698,29,2,1,En sucursal,11368
1705,29,2,1,En sucursal,20105
1719,29,2,1,En sucursal,10343
1734,29,2,1,En sucursal,20105
1731,29,3,1,En sucursal,20105
1703,29,3,1,En sucursal,10343
1706,29,3,1,En sucursal,10343
1728,29,3,1,En sucursal,10343
1789,30,1,1,En sucursal,16236
1777,30,1,1,En sucursal,33518
1764,30,1,1,En sucursal,33518
1763,30,1,1,En sucursal,44009
1761,30,2,1,En sucursal,16236
1793,30,2,1,En sucursal,16236
1772,30,2,1,En sucursal,16236
1779,30,2,1,En sucursal,33518
1770,30,3,1,En sucursal,16236
1784,30,3,1,En sucursal,44009
1791,30,3,1,En sucursal,16236
1781,30,3,1,En sucursal,44009
1837,31,1,1,En sucursal,22634
1851,31,1,1,En sucursal,17020
1857,31,1,1,En sucursal,22634
1845,31,1,1,En sucursal,17020
1833,31,2,1,En sucursal,17020
1832,31,2,1,En sucursal,31296
1819,31,2,1,En sucursal,31296
1816,31,2,1,En sucursal,31296
1842,31,3,1,En sucursal,22634
1821,31,3,1,En sucursal,22634
1850,31,3,1,En sucursal,22634
1858,31,3,1,En sucursal,17020
1904,32,1,1,En sucursal,21451
1888,32,1,1,En sucursal,32043
1905,32,1,1,En sucursal,32043
1883,32,1,1,En sucursal,26940
1879,32,2,1,En sucursal,21451
1903,32,2,1,En sucursal,32043
1920,32,2,1,En sucursal,21451
1915,32,2,1,En sucursal,32043
1886,32,3,1,En sucursal,26940
1881,32,3,1,En sucursal,32043
1880,32,3,1,En sucursal,21451
1893,32,3,1,En sucursal,26940
1946,33,1,1,En sucursal,450
1958,33,1,1,En sucursal,755
1975,33,1,1,En sucursal,755
1978,33,1,1,En sucursal,476
1949,33,2,1,En sucursal,755
1937,33,2,1,En sucursal,755
1977,33,2,1,En sucursal,476
1938,33,2,1,En sucursal,755
1974,33,3,1,En sucursal,755
1951,33,3,1,En sucursal,755
1964,33,3,1,En sucursal,755
1980,33,3,1,En sucursal,476
1999,34,1,1,En sucursal,91351
2030,34,1,1,En sucursal,89819
2018,34,1,1,En sucursal,89819
2008,34,1,1,En sucursal,156989
2026,34,2,1,En sucursal,89819
2000,34,2,1,En sucursal,89819
2006,34,2,1,En sucursal,91351
2012,34,2,1,En sucursal,91351
2003,34,3,1,En sucursal,91351
1998,34,3,1,En sucursal,89819
2036,34,3,1,En sucursal,91351
2009,34,3,1,En sucursal,91351
2063,35,1,1,En sucursal,228913
2097,35,1,1,En sucursal,228913
2091,35,1,1,En sucursal,228913
2057,35,1,1,En sucursal,274025
2093,35,2,1,En sucursal,228913
2088,35,2,1,En sucursal,163835
2060,35,2,1,En sucursal,163835
2099,35,2,1,En sucursal,274025
2087,35,3,1,En sucursal,274025
2082,35,3,1,En sucursal,274025
2061,35,3,1,En sucursal,228913
2094,35,3,1,En sucursal,228913
2140,36,1,1,En sucursal,554875
2125,36,1,1,En sucursal,664285
2123,36,1,1,En sucursal,556756
2118,36,1,1,En sucursal,556756
2121,36,2,1,En sucursal,554875
2134,36,2,1,En sucursal,556756
2138,36,2,1,En sucursal,554875
2133,36,2,1,En sucursal,554875
2151,36,3,1,En sucursal,556756
2130,36,3,1,En sucursal,664285
2153,36,3,1,En sucursal,554875
2158,36,3,1,En sucursal,664285
133,3,1,1,Periodo garantia,32818
121,3,1,1,Periodo garantia,34736
130,3,1,1,Periodo garantia,32818
184,4,1,1,Periodo garantia,29338
70,2,1,1,Periodo garantia,53410
187,4,1,1,Periodo garantia,29338
181,4,1,1,Periodo garantia,29338
194,4,2,1,Periodo garantia,37031
185,4,2,1,Periodo garantia,24731
74,2,2,1,Periodo garantia,53410
128,3,2,1,Periodo garantia,32818
131,3,2,1,Periodo garantia,34736
122,3,2,1,Periodo garantia,34736
71,2,2,1,Periodo garantia,53410
182,4,2,1,Periodo garantia,37031
132,3,3,1,Periodo garantia,34736
126,3,3,1,Periodo garantia,34736
243,5,3,1,Periodo garantia,43866
195,4,3,1,Periodo garantia,29338
72,2,3,1,Periodo garantia,53410
186,4,3,1,Periodo garantia,24731
189,4,3,1,Periodo garantia,24731
129,3,3,1,Periodo garantia,34736
75,2,3,1,Periodo garantia,39459
69,2,3,1,Periodo garantia,53410
73,2,1,1,Periodo garantia,39459
127,3,1,1,Periodo garantia,32818
241,5,1,1,Periodo garantia,96595
190,4,1,1,Periodo garantia,37031
68,2,2,1,Periodo garantia,53410
188,4,2,1,Periodo garantia,24731
183,4,3,1,Periodo garantia,37031
123,3,3,1,En sucursal,32818
124,3,1,1,En sucursal,15324
125,3,2,1,En sucursal,15324
134,3,2,1,En sucursal,32818
135,3,3,1,En sucursal,32818
191,4,2,1,En sucursal,24731
192,4,3,1,En sucursal,24731
193,4,1,1,En sucursal,29338
242,5,2,1,En sucursal,97141
253,5,1,1,Periodo garantia,43866
727,13,1,1,Periodo garantia,22769
246,5,3,1,En sucursal,97141
490,9,1,1,Periodo garantia,25140
607,11,1,1,Periodo garantia,12674
550,10,1,1,Periodo garantia,105575
307,6,1,1,Periodo garantia,100333
304,6,1,1,Periodo garantia,100333
724,13,1,1,Periodo garantia,24208
370,7,1,1,Periodo garantia,74643
365,7,2,1,Periodo garantia,134371
614,11,2,1,Periodo garantia,12674
306,6,3,1,En sucursal,54741
308,6,2,1,En sucursal,100651
494,9,2,1,Periodo garantia,25140
305,6,2,1,Periodo garantia,100333
722,13,2,1,Periodo garantia,22769
662,12,2,1,Periodo garantia,11503
725,13,2,1,Periodo garantia,36570
428,8,2,1,Periodo garantia,43454
668,12,2,1,Periodo garantia,11503
251,5,2,1,Periodo garantia,97141
782,14,2,1,Periodo garantia,56425
483,9,3,1,Periodo garantia,40320
369,7,3,1,Periodo garantia,74643
315,6,3,1,Periodo garantia,54741
663,12,3,1,Periodo garantia,11503
371,7,2,1,En sucursal,134371
615,11,3,1,Periodo garantia,11658
373,7,1,1,En sucursal,74643
552,10,3,1,Periodo garantia,86351
375,7,3,1,En sucursal,134371
421,8,1,1,En sucursal,33581
495,9,3,1,Periodo garantia,25140
252,5,3,1,Periodo garantia,97141
723,13,3,1,Periodo garantia,36570
426,8,3,1,En sucursal,33581
427,8,1,1,En sucursal,43454
429,8,3,1,En sucursal,33581
431,8,2,1,En sucursal,43454
485,9,2,1,En sucursal,40320
487,9,1,1,En sucursal,25140
544,10,1,1,En sucursal,40965
545,10,2,1,En sucursal,105575
546,10,3,1,En sucursal,86351
548,10,2,1,En sucursal,105575
605,11,2,1,En sucursal,13796
609,11,3,1,En sucursal,12674
613,11,1,1,En sucursal,13796
661,12,1,1,En sucursal,11503
667,12,1,1,En sucursal,10323
669,12,3,1,En sucursal,11503
729,13,3,1,En sucursal,22769
783,14,3,1,En sucursal,56425
907,16,1,1,Periodo garantia,82553
1021,18,1,1,Periodo garantia,56795
973,17,1,1,Periodo garantia,41286
1210,21,1,1,Periodo garantia,8106
790,14,1,1,En sucursal,56425
1093,19,1,1,Periodo garantia,91511
1324,23,1,1,Periodo garantia,730108
793,14,1,1,En sucursal,62690
794,14,2,1,En sucursal,62690
1084,19,1,1,Periodo garantia,68820
844,15,1,1,Periodo garantia,76665
1033,18,1,1,Periodo garantia,56795
843,15,3,1,En sucursal,105184
845,15,2,1,En sucursal,105184
1264,22,1,1,Periodo garantia,13153
847,15,1,1,En sucursal,105184
1144,20,1,1,Periodo garantia,28148
962,17,2,1,Periodo garantia,23671
851,15,2,1,En sucursal,76665
914,16,2,1,Periodo garantia,80186
1025,18,2,1,Periodo garantia,56795
1211,21,2,1,Periodo garantia,13544
968,17,2,1,Periodo garantia,23671
1148,20,2,1,Periodo garantia,28148
902,16,2,1,En sucursal,82553
903,16,3,1,En sucursal,53276
904,16,1,1,En sucursal,53276
1094,19,2,1,Periodo garantia,68820
1095,19,3,1,Periodo garantia,91739
786,14,3,1,Periodo garantia,62690
1029,18,3,1,Periodo garantia,61281
849,15,3,1,Periodo garantia,66489
1203,21,3,1,Periodo garantia,13544
1155,20,3,1,Periodo garantia,51674
969,17,3,1,Periodo garantia,23671
915,16,3,1,En sucursal,82553
1272,22,3,1,Periodo garantia,13153
963,17,3,1,En sucursal,41286
964,17,1,1,En sucursal,16058
1146,20,3,1,Periodo garantia,28148
1269,22,3,1,Periodo garantia,13153
1023,18,3,1,En sucursal,61281
1028,18,2,1,En sucursal,54528
1083,19,3,1,En sucursal,68820
1085,19,2,1,En sucursal,91511
1142,20,2,1,En sucursal,51674
1147,20,1,1,En sucursal,50638
1201,21,1,1,En sucursal,13544
1209,21,3,1,En sucursal,8106
1214,21,2,1,En sucursal,8106
1261,22,1,1,En sucursal,11993
1262,22,2,1,En sucursal,11503
1268,22,2,1,En sucursal,13153
1325,23,2,1,En sucursal,730108
1326,23,3,1,En sucursal,946969
1861,32,1,1,Periodo garantia,26940
1621,28,1,1,Periodo garantia,88993
1333,23,1,1,Periodo garantia,730108
1810,31,1,1,Periodo garantia,22634
1510,26,1,1,Periodo garantia,39970
1390,24,1,1,Periodo garantia,3253153
1450,25,1,1,Periodo garantia,230005
1690,29,1,1,Periodo garantia,10343
1570,27,1,1,Periodo garantia,40381
1384,24,1,1,En sucursal,4263675
1753,30,1,1,Periodo garantia,44009
1811,31,2,1,Periodo garantia,22634
1388,24,2,1,Periodo garantia,4475130
1389,24,3,1,En sucursal,4475130
1391,24,2,1,En sucursal,4263675
1691,29,2,1,Periodo garantia,11368
1568,27,2,1,Periodo garantia,40381
1508,26,2,1,Periodo garantia,39970
1748,30,2,1,Periodo garantia,33518
1442,25,2,1,Periodo garantia,230005
1865,32,2,1,Periodo garantia,32043
1625,28,2,1,Periodo garantia,168343
1331,23,2,1,Periodo garantia,730108
1815,31,3,1,Periodo garantia,22634
1509,26,3,1,Periodo garantia,22370
1451,25,2,1,En sucursal,236768
1452,25,3,1,En sucursal,236768
1453,25,1,1,En sucursal,94134
1335,23,3,1,Periodo garantia,915530
1575,27,3,1,Periodo garantia,40381
1635,28,3,1,Periodo garantia,88993
1395,24,3,1,Periodo garantia,3253153
1743,30,3,1,Periodo garantia,16236
1504,26,1,1,En sucursal,39970
1449,25,3,1,Periodo garantia,230005
1572,27,3,1,Periodo garantia,84850
1683,29,3,1,Periodo garantia,11368
1755,30,3,1,Periodo garantia,16236
1506,26,3,1,Periodo garantia,39970
1514,26,2,1,En sucursal,22370
1565,27,2,1,En sucursal,84850
1567,27,1,1,En sucursal,40381
1622,28,2,1,En sucursal,79245
1623,28,3,1,En sucursal,79245
1624,28,1,1,En sucursal,168343
1685,29,2,1,En sucursal,20105
1686,29,3,1,En sucursal,11368
1687,29,1,1,En sucursal,20105
1742,30,2,1,En sucursal,44009
1750,30,1,1,En sucursal,44009
1805,31,2,1,En sucursal,22634
1806,31,3,1,En sucursal,31296
1807,31,1,1,En sucursal,31296
1870,32,1,1,En sucursal,32043
1875,32,3,1,En sucursal,32043
1921,33,1,1,En sucursal,755
1924,33,1,1,En sucursal,450
1929,33,3,1,En sucursal,755
1935,33,3,1,En sucursal,755
1981,34,1,1,En sucursal,89819
1985,34,2,1,En sucursal,89819
1989,34,3,1,En sucursal,156989
1991,34,2,1,En sucursal,91351
1995,34,3,1,En sucursal,91351
2043,35,3,1,En sucursal,274025
2047,35,1,1,En sucursal,228913
2051,35,2,1,En sucursal,274025
2101,36,1,1,En sucursal,554875
2108,36,2,1,En sucursal,554875
2109,36,3,1,En sucursal,556756
2107,36,1,1,Periodo garantia,556756
2044,35,1,1,Periodo garantia,274025
1873,32,1,1,Periodo garantia,26940
2113,36,1,1,Periodo garantia,556756
1987,34,1,1,Periodo garantia,156989
1927,33,1,1,Periodo garantia,450
1933,33,1,1,Periodo garantia,755
2050,35,1,1,Periodo garantia,163835
1984,34,1,1,Periodo garantia,89819
2104,36,1,1,Periodo garantia,556756
1993,34,1,1,Periodo garantia,156989
2041,35,1,1,Periodo garantia,163835
1930,33,1,1,Periodo garantia,476
1867,32,1,1,Periodo garantia,26940
2045,35,2,1,Periodo garantia,163835
2111,36,2,1,Periodo garantia,556756
2105,36,2,1,Periodo garantia,556756
1994,34,2,1,Periodo garantia,91351
1988,34,2,1,Periodo garantia,89819
2048,35,2,1,Periodo garantia,228913
1871,32,2,1,Periodo garantia,32043
1928,33,2,1,Periodo garantia,450
1874,32,2,1,Periodo garantia,32043
2042,35,2,1,Periodo garantia,274025
2114,36,2,1,Periodo garantia,556756
1922,33,2,1,Periodo garantia,450
1982,34,2,1,Periodo garantia,89819
1925,33,2,1,Periodo garantia,450
1986,34,3,1,Periodo garantia,156989
2103,36,3,1,Periodo garantia,556756
1926,33,3,1,Periodo garantia,450
1869,32,3,1,Periodo garantia,32043
2049,35,3,1,Periodo garantia,228913
2055,35,3,1,Periodo garantia,274025
2112,36,3,1,Periodo garantia,664285
1932,33,3,1,Periodo garantia,450
2046,35,3,1,Periodo garantia,163835
1992,34,3,1,Periodo garantia,156989
1923,33,3,1,Periodo garantia,476
2106,36,3,1,Periodo garantia,554875
1983,34,3,1,Periodo garantia,89819
2053,35,1,1,Periodo garantia,228913
1990,34,1,1,Periodo garantia,89819
2110,36,1,1,Periodo garantia,664285
1931,33,2,1,Periodo garantia,450
1934,33,2,1,Periodo garantia,755
1868,32,2,1,Periodo garantia,32043
2054,35,2,1,Periodo garantia,228913
2102,36,2,1,Periodo garantia,554875
2115,36,3,1,Periodo garantia,554875
2052,35,3,1,Periodo garantia,228913
1872,32,3,1,Periodo garantia,26940
