1,Material,Algodon
1,Material,Poliester
1,Color,Crema
1,Estampado,Volcom Sol
2,Largo,26 Pulgadas
2,Material,Poliester
2,Color,Verde
2,Extra,Bolsillos
3,Tecnologia,Climachill
3,Cuello,Redondo
3,Material,Nylon
3,Estampado,Rayas
4,Color,Blanco
4,Cuello,Alto
4,Material,Poliester
4,Estampado,Franjas
5,Color,Negro
5,Entrepierna,27
5,Material,Algodon
5,Estilo,Clasico
6,Color,Indigo
6,Aspecto,Usado
6,Entrepierna,28
6,Estilo,Simple
7,Color,Negro
7,Estilo,Italiano
7,Material,Algodon
7,Diseno,Zebra
8,Color,Beige
8,Corte,Japones
8,Material,Algodon
8,Diseno,Simple
9,Color,Zinfandel
9,Fabricado,Italia
9,Material,Nylon
9,Estilo,Separado
10,Color,Negro
10,Diseno,Elegante
10,Material,Poliamida
10,Estilo,Separado
11,Colores,Cromaticos
11,Contenido,3 Boxers
11,Material,Microfibra
11,Extra,Control de humedad
12,Colores,Blanco
12,Contenido,2 Calzoncillos
12,Estampado,Logo CK en la banda
12,Diseno,Con contorno
13,Diseno,Floral
13,Suela,Doble
13,Material,TPU & EVA
13,Durabilidad,Alta
14,Color,Amarillo
14,Suela,TPU
14,Parte Superior,Doble capa
14,Tipos,Tacos Futbol
15,Color,Negro
15,Cerrado,Cordon
15,Interior,Lana
15,Suela,TPR
16,Colores,Naranja Russett
16,Cerrado,Cordon
16,Interior,Espuma
16,Suela,TPR flexible
17,Material,Plata
17,Detalle,Medalla y Bolas
17,Extra,Grabacion
17,Permite,Banado en oro
18,Circonita,Rosa
18,Diseno,Elegante
18,Material,Plata
18,Banado,Oro
19,Material,Acero y Cristal
19,Detalles,Nacar
19,Cierre,Deslizante
19,Coleccion,Vintage Glitz
20,Material,Acero Inoxidable
20,Colores,Oro y Cuarzo
20,Forma,Hexagonal
20,Cierre,De presion
21,Material,Algodon
21,Diseno,Logo Volcom
21,Estilo,Simple
21,Colores,Varios
22,Color,Blanco
22,Material,Nylon y Poliester
22,Contenido,Par por paquete
22,Tecnologia,Formotion
23,Color,Violeta
23,Material,Oro
23,Resistencia,Agua
23,Estampado,30 joyas
24,Color,Negro
24,Calibracion,Senal GPS
24,Resistencia,Agua
24,Posee,Ahorro de Energia
25,Modelo,Pro Model Debut
25,Disenado,Darkness
25,Elaborado,Summers
25,Diseno,Calavera y Rosa
26,Diseno,ZERO
26,Elaborado,Brockman
26,Colores,Varios
26,Contorno,Blanco
27,Diseno,PLAN B
27,Modelo,Pro Deck
27,Color,Blanco
27,Fondo,Negro
28,Coleccion,Nyjah
28,Colores,Negro y Verde
28,Diseno,Halloween
28,Elaborado,Bryan Arii
29,Material,Poliester
29,Color,Negro
29,Cerrado,Por broche
29,Diseno,Rosas
30,Material,Poliester
30,Color,Negro
30,Cerrado,Por broche
30,Diseno,Logo Volcom Dorado
31,Color,Azul Maui
31,Material,Algodon
31,Detalle,Bordado
31,Diseno,Logo Fox Negro
32,Color,Morado
32,Material,Acrilico
32,Estilo,De pom
32,Clima,Frio
33,Color,Negro
33,Precio,Economico
33,Material,Cristal
33,Tipo,De capuchon
34,Material,Lana
34,Color,Rojo y Azul
34,Tiras,Cuero
34,Elaborado,Italia
35,Material,Cuero
35,Detallado,Oro y Plata
35,Color,Verde oscuro
35,Elaborado,Italia
36,Tipo,Colonia
36,Fragancia,Tabaco y especias
36,Frasco,Cristal
36,Tapon,Marron mate
